{"debutPartie": {"actionAcheterCarte": {"3": 133.26536331772144, "2": 56.833925853451134, "4": 122.59592519831436}, "actionRoute": {"3": 208.79038403587734, "2": -2724.717737186905, "4": -1491.3212794439603}, "actionColonie": {"3": 104.76904430136439, "2": 49.712782600387136, "4": 187.0068658882061}, "actionVille": {"3": 104.89372622778862, "2": 79.26700517709916, "4": 114.97398490977581}, "actionJouerCarteChevalier": {"3": 119.99171001886427, "2": 77.85221215715777, "4": 111.96123960545307}, "actionEchanger": {"3": -62.604991339786764, "2": -2306.797634892251, "4": -754.472526428225}}, "miPartie": {"actionAcheterCarte": {"3": 71.00006766233649, "2": 83.07944813981868, "5": 206.53756779306718, "4": 81.04725295630371, "6": 213.92914949607987}, "actionRoute": {"3": -380.12026504337484, "2": -1442.2213953439618, "5": 49.12451083551323, "4": -1322.777628449904, "6": 327.75533472414605}, "actionColonie": {"3": 36.86911734403397, "2": 15.176312773205678, "5": 144.72248409592237, "4": 75.24023457445797, "6": 166.0321767571357}, "actionVille": {"3": 85.74989301823017, "2": 81.29310999465837, "5": 97.75378314216006, "4": 88.21434934009118, "6": 109.06816158935658}, "actionJouerCarteChevalier": {"3": 87.51034393004036, "2": 88.3411206117778, "5": 180.3202031406108, "4": 95.06430463292695, "6": 154.61938525147048}, "actionEchanger": {"3": -548.5641415594182, "2": -1566.938040172137, "5": -31.64373430067961, "4": -1289.6991912056878, "6": 301.516084271899}}, "finPartie": {"actionAcheterCarte": {"10": 107.66216581318811, "3": 62.42469282162193, "2": 90.13117669261821, "5": 44.19496274211131, "4": 51.45513879452347, "7": 99.62970263183892, "6": 25.586420158537596, "9": 190.5715869687036, "8": 141.25807230825032}, "actionRoute": {"10": 119.08782027133768, "3": -182.87410774199952, "2": -693.2747613885665, "5": -111.27047477639556, "4": -845.228717082366, "7": 106.90811922814285, "6": -187.06059937028087, "9": 226.9934432872576, "8": 223.88390893674514}, "actionColonie": {"10": 101.57405662496411, "3": 38.3362203766868, "2": 40.11344499745937, "5": 43.9922886424327, "4": 26.090955641358743, "7": 153.93573756444997, "6": 8.693929860261441, "9": 292.9542743075672, "8": 262.3983276038572}, "actionVille": {"10": 100.45606837606839, "3": 85.1647331670989, "2": 92.75816698034292, "5": 89.220203001384, "4": 91.24535439288033, "7": 108.82045925240594, "6": 92.4680371340232, "9": 105.24026332961883, "8": 103.68638286917107}, "actionJouerCarteChevalier": {"10": 107.89121578242957, "3": 81.11873705294069, "2": 93.06681418296027, "5": 73.74904535911716, "4": 72.5147492362785, "7": 106.9862505709869, "6": 67.99128150554364, "9": 143.27741380270155, "8": 135.59553511222956}, "actionEchanger": {"10": 122.27596893707234, "3": -500.5003001239181, "2": -1727.9089826824022, "5": -568.6964255304907, "4": -1931.9348592387282, "7": -227.0873032707113, "6": -856.3795435161733, "9": 912.8639739500802, "8": 197.94897445279366}}}